theta;phi;file
95.1390246379828;-5.192840568615768;1
128.33627310073942;0.6323236204679673;2
117.66469641569171;13.931331392043045;3
74.17341117743061;12.760574387769374;4
