theta;phi;file
95.13902463798281;-5.192840568615768;1
