theta;phi;file
139.8865765247722;33.24584241452881;1
