name;category;facets;bbx;bby;bbz
tank;;2030.0;9.278278350830078;3.272036075592041;3.088963031768799
